id,color,reg_city,assembly,cc,body
11571929,Unlisted,Islamabad,Imported,660 cc,Hatchback
11904235,Pearl White,Islamabad,Imported,660 cc,Hatchback
11675993,White,Islamabad,Imported,660 cc,Hatchback
11819965,White,Lahore,Local,660 cc,Hatchback
11224189,Black,Punjab,Imported,660 cc,Hatchback
11907499,Phoenix Red,Islamabad,Local,1300 cc,Hatchback
11903733,Graphite Grey,Islamabad,Local,1000 cc,Hatchback
11794103,White,Lahore,Imported,660 cc,N/A
11904564,Blue,Punjab,Imported,660 cc,Hatchback
11895436,White,Islamabad,Imported,660 cc,Hatchback
11614286,White,Rawalpindi,Imported,660 cc,N/A
11890603,White,Punjab,Imported,660 cc,Hatchback
11660476,White,Punjab,Imported,660 cc,Hatchback
11576871,Blue,Punjab,Imported,660 cc,Hatchback
11902752,Golden,Islamabad,Local,1300 cc,N/A
11923354,White,Islamabad,Imported,660 cc,Hatchback
11923717,Solid White,Karachi,Local,1300 cc,Hatchback
11929019,White,Sindh,Imported,660 cc,Hatchback
11646406,Red,Islamabad,Local,660 cc,Hatchback
11948264,White,Sindh,Local,660 cc,N/A
11956307,White,Karachi,Imported,660 cc,Mini Van
11470563,Gold,Sindh,Imported,660 cc,N/A
11959272,CREAM,Punjab,Imported,660 cc,N/A
11965938,Grey,Punjab,Local,660 cc,Hatchback
11965577,Silver,Punjab,Imported,1000 cc,Hatchback
11964575,Blue,Islamabad,Imported,1000 cc,Hatchback
11969633,Grey,Islamabad,Imported,660 cc,Hatchback
11244710,White,Islamabad,Imported,660 cc,Hatchback
11973140,Black,Punjab,Imported,660 cc,Hatchback
11975244,Pink,Punjab,Imported,660 cc,Hatchback
11982016,White,Rawalpindi,Local,660 cc,N/A
11979462,White,Sindh,Imported,660 cc,Hatchback
11982919,White,Islamabad,Imported,660 cc,Hatchback
11988060,Silver,Islamabad,Imported,660 cc,Hatchback
11990662,White,Islamabad,Imported,660 cc,Hatchback
11990518,White,Islamabad,Imported,660 cc,N/A
11990365,Yellow,Sindh,Imported,1000 cc,Hatchback
11991492,White,Islamabad,Imported,660 cc,Hatchback
11593350,Beige,Punjab,Imported,660 cc,Hatchback
11991613,Black,Islamabad,Imported,660 cc,Hatchback
11991324,Unlisted,Lahore,Imported,660 cc,Hatchback
11991110,Blue,Islamabad,Imported,660 cc,N/A
11991663,Orange,Punjab,Imported,660 cc,Hatchback
11993256,Black,Karachi,Imported,660 cc,Hatchback
11314215,Pink,Sindh,Imported,660 cc,N/A
11993858,White,Islamabad,Imported,660 cc,N/A
11993680,Blue,Islamabad,Imported,660 cc,Hatchback
11993618,Silver,Abbottabad,Local,660 cc,Hatchback
11993097,White,Islamabad,Imported,660 cc,N/A
11992316,Silver,Punjab,Imported,660 cc,Hatchback
11354476,Silver,Lahore,Imported,660 cc,N/A
11043547,Blue,Rawalpindi,Local,660 cc,Hatchback
11992429,Grey,Islamabad,Local,660 cc,N/A
11995145,Black,Islamabad,Imported,660 cc,Hatchback
11833314,Black,Islamabad,Imported,660 cc,Hatchback
11994710,Silver,Karachi,Imported,658 cc,Hatchback
11853729,Sky Blue,Islamabad,Imported,660 cc,Hatchback
11996944,Purple,Punjab,Imported,660 cc,Hatchback
11996126,Red,Karachi,Imported,660 cc,Hatchback
11995942,Black Mica Metallic,Islamabad,Imported,660 cc,Hatchback
11995350,Gold,Lahore,Local,660 cc,N/A
11995344,Silver,Islamabad,Imported,660 cc,N/A
11769128,Silver,Lahore,Imported,660 cc,Hatchback
11868206,Silver,Islamabad,Imported,660 cc,Hatchback
11995896,White,Islamabad,Imported,660 cc,Hatchback
11995718,White,Islamabad,Imported,660 cc,Hatchback
11998885,Mica Red Metallic,Islamabad,Imported,660 cc,Hatchback
11832569,Beige,Islamabad,Imported,660 cc,Hatchback
11997806,Silver,Islamabad,Imported,660 cc,N/A
11997096,Superior White,Islamabad,Imported,660 cc,Hatchback
11999133,Black,Islamabad,Imported,660 cc,SUV
11998942,Red,Punjab,Imported,660 cc,Hatchback
11998821,Black,Islamabad,Imported,660 cc,Hatchback
11998150,White,Islamabad,Imported,660 cc,N/A
11998095,White,Punjab,Imported,660 cc,N/A
11997935,White,Islamabad,Imported,660 cc,Hatchback
11998057,Silver,Islamabad,Imported,660 cc,Hatchback
11997329,White,Rawalpindi,Imported,660 cc,Hatchback
11999607,White,Punjab,Imported,660 cc,N/A
11868281,Beige,Islamabad,Imported,660 cc,Station Wagon
12000196,Black,Punjab,Imported,660 cc,N/A
12000582,White,Punjab,Imported,660 cc,Hatchback
12000278,Beige,Lahore,Imported,660 cc,Hatchback
12002943,White,Islamabad,Imported,660 cc,Hatchback
12000623,White,Islamabad,Local,660 cc,N/A
11757163,Black,Punjab,Imported,660 cc,Hatchback
12002369,White,Lahore,Local,660 cc,Hatchback
11907690,White,Islamabad,Local,660 cc,Mini Vehicles
12002163,White,Islamabad,Local,660 cc,Hatchback
12002146,Bronze,Punjab,Imported,660 cc,N/A
12001975,Grey,Islamabad,Imported,660 cc,Hatchback
12001792,Silver,Rawalpindi,Local,660 cc,N/A
12001508,Pink,Islamabad,Imported,660 cc,Hatchback
12003071,White,Peshawar,Imported,660 cc,N/A
12003149,White,Punjab,Imported,660 cc,Hatchback
12005332,Silver,Lahore,Imported,660 cc,Hatchback
12005089,White,Punjab,Local,660 cc,Hatchback
11875284,Black,Islamabad,Imported,660 cc,Hatchback
12004845,Turquoise,Islamabad,Imported,660 cc,Hatchback
12004810,White,Rawalpindi,Imported,660 cc,Hatchback
12004772,Bright Silver Metallic,Un-Registered,Imported,660 cc,Hatchback
12004563,White,Islamabad,Imported,660 cc,Hatchback
11758173,Pink,Islamabad,Imported,660 cc,Hatchback
12004169,White,Islamabad,Imported,660 cc,Hatchback
12007338,Black,Karachi,Imported,660 cc,N/A
12007144,Silver,Islamabad,Imported,660 cc,N/A
11988096,Silver,Islamabad,Imported,660 cc,Hatchback
12006740,Blue,Islamabad,Imported,660 cc,Hatchback
12006286,Black,Islamabad,Imported,660 cc,N/A
12005879,White,Punjab,Imported,660 cc,Hatchback
11915308,champaigne-green,Islamabad,Imported,660 cc,Hatchback
12005532,Burgundy,Islamabad,Imported,660 cc,Hatchback
11875070,White,Islamabad,Imported,660 cc,N/A
11870300,Red,Islamabad,Imported,660 cc,Hatchback
12007042,Silver,Sindh,Imported,660 cc,Hatchback
12008058,Silver,Karachi,Imported,660 cc,SUV
12009462,White,Islamabad,Local,660 cc,Hatchback
12009413,Burgundy,Islamabad,Imported,660 cc,Hatchback
12009399,Turquoise,Islamabad,Imported,660 cc,Hatchback
12008947,White,Punjab,Imported,660 cc,N/A
12009656,Silver,Islamabad,Imported,660 cc,N/A
12009508,White,Islamabad,Local,660 cc,Mini Vehicles
12009477,White,Islamabad,Local,660 cc,Hatchback
12009445,White,Punjab,Imported,660 cc,Hatchback
12009378,White,Islamabad,Imported,660 cc,Hatchback
12009144,Silver,Un-Registered,Imported,660 cc,Hatchback
12008878,Burgundy,Punjab,Imported,660 cc,Hatchback
12008844,Silver,Punjab,Imported,660 cc,Hatchback
11738655,Black,Punjab,Imported,660 cc,Hatchback
11778101,Navy,Rawalpindi,Local,660 cc,N/A
11998271,Solid White,Punjab,Local,1000 cc,Hatchback
12010770,White,Sindh,Imported,660 cc,Hatchback
12011252,White,Islamabad,Imported,660 cc,N/A
11881045,Grey,Lahore,Imported,660 cc,Hatchback
12010688,Beige,Islamabad,Imported,660 cc,Hatchback
12010202,White,Lahore,Local,660 cc,Hatchback
12010106,Purple,Islamabad,Imported,660 cc,N/A
12012050,White,Islamabad,Imported,660 cc,Hatchback
12012225,Yellow,Karachi,Imported,660 cc,Hatchback
12011692,White,Islamabad,Imported,660 cc,Hatchback
12013201,Silver,Punjab,Imported,660 cc,Hatchback
12012942,sky blue,Islamabad,Imported,660 cc,Hatchback
12012727,Urban Brown Pearl Metallic,Punjab,Imported,660 cc,Hatchback
12013322,Golden,Punjab,Imported,658 cc,Hatchback
12015331,White,Islamabad,Local,660 cc,Hatchback
12015719,White,Islamabad,Local,660 cc,Hatchback
11591321,Silky Silver Metallic,Punjab,Imported,660 cc,Hatchback
12014834,White,Un-Registered,Local,660 cc,Hatchback
12014378,White,Islamabad,Imported,660 cc,Hatchback
11825903,White,Punjab,Local,660 cc,Hatchback
11740321,Red,Rawalpindi,Imported,660 cc,Hatchback
12014165,Black,Islamabad,Imported,660 cc,Hatchback
12015347,Grey,Islamabad,Imported,660 cc,Hatchback
10848311,Pale Blue Metallic,Islamabad,Imported,660 cc,Hatchback
12014191,Silver,Islamabad,Imported,1000 cc,Hatchback
12016523,Grey,Punjab,Imported,660 cc,Hatchback
12016448,Silver,Lahore,Imported,660 cc,Hatchback
11617159,Pure Red,Islamabad,Imported,660 cc,Hatchback
12015932,White,Rawalpindi,Imported,660 cc,Hatchback
12016359,Black,Islamabad,Imported,660 cc,N/A
12018014,Sky Blue,Islamabad,Local,660 cc,Hatchback
12018216,White,Islamabad,Local,660 cc,Hatchback
12017627,White,Islamabad,Imported,660 cc,Hatchback
12016381,Silver,Islamabad,Imported,660 cc,Hatchback
12017727,Pink,Karachi,Imported,660 cc,Hatchback
12020031,White,Islamabad,Local,660 cc,Hatchback
12019855,Blue,Punjab,Local,660 cc,Hatchback
12019796,Black,Islamabad,Imported,660 cc,Hatchback
12019340,Black,Punjab,Imported,660 cc,Hatchback
12019141,White,Punjab,Imported,660 cc,Hatchback
12019003,Pink,Punjab,Imported,660 cc,Hatchback
11886380,Black,Islamabad,Imported,660 cc,SUV
12018751,Silver,Islamabad,Imported,660 cc,Hatchback
12020191,Navy,Sindh,Imported,660 cc,Hatchback
12020175,Silver,Punjab,Imported,660 cc,Hatchback
12019048,White,Islamabad,Imported,660 cc,Hatchback
12021591,White,Punjab,Imported,660 cc,N/A
12020595,White,Islamabad,Local,660 cc,Hatchback
12021485,Navy,Sindh,Imported,660 cc,N/A
11727094,White,Karachi,Imported,660 cc,Hatchback
12021034,Silver,Lahore,Imported,660 cc,Hatchback
12021035,White,Islamabad,Imported,660 cc,Hatchback
11895114,Maroon,Islamabad,Imported,660 cc,Hatchback
12019436,Polar White,Faisalabad,Imported,1000 cc,Hatchback
12021999,Silver,Islamabad,Local,660 cc,Hatchback
12021819,Silver,Islamabad,Imported,660 cc,Hatchback
12021787,White,Punjab,Local,660 cc,Hatchback
12022540,Maroon,Islamabad,Local,658 cc,Hatchback
12022427,Pure Red,Islamabad,Imported,660 cc,Hatchback
12022530,White,Islamabad,Imported,660 cc,N/A
11621273,Mica Black,Islamabad,Imported,660 cc,Hatchback
11651077,Silver,Islamabad,Imported,660 cc,N/A
12022300,Silver,Punjab,Imported,660 cc,Hatchback
12019465,Solid White,Islamabad,Local,1000 cc,Hatchback
12007414,Red,Islamabad,Imported,1000 cc,Hatchback
12025011,Solid White,Islamabad,Local,660 cc,Hatchback
12025093,White,Punjab,Imported,660 cc,N/A
12024942,Brown,Abbottabad,Imported,660 cc,Hatchback
12024612,Silver,Islamabad,Imported,660 cc,Hatchback
12024508,Blue,Islamabad,Imported,660 cc,Hatchback
12024390,White,Sindh,Imported,660 cc,N/A
12024274,Red,Lahore,Imported,660 cc,Hatchback
12024160,Silver,Islamabad,Imported,660 cc,Hatchback
12023819,Purple,Punjab,Imported,660 cc,Hatchback
11899026,White,Karachi,Imported,660 cc,Hatchback
12023446,White,Islamabad,Local,660 cc,Hatchback
12018763,Black,Islamabad,Imported,660 cc,Hatchback
12026372,Silver,Islamabad,Local,660 cc,Hatchback
12026260,White,Islamabad,Local,660 cc,Hatchback
12026157,White,Islamabad,Imported,660 cc,Hatchback
12026016,Red,Sindh,Imported,660 cc,Hatchback
12025844,White,Islamabad,Local,660 cc,Hatchback
11712678,Maroon,Islamabad,Imported,660 cc,Hatchback
12025521,Silver,Punjab,Imported,660 cc,N/A
12025478,Brown,Islamabad,Imported,660 cc,Hatchback
12025383,Blue,Sindh,Local,660 cc,Hatchback
12025339,White,Sindh,Imported,660 cc,Hatchback
12025990,White,Islamabad,Local,660 cc,Hatchback
12025436,Black,Islamabad,Imported,660 cc,Hatchback
12025350,White,Islamabad,Imported,660 cc,Hatchback
11730820,Beige,Islamabad,Imported,660 cc,Hatchback
12028044,Magenta,Islamabad,Imported,660 cc,N/A
12027951,Blue,Islamabad,Imported,660 cc,Hatchback
12027853,White,Punjab,Local,660 cc,Hatchback
12027364,Grey,Punjab,Local,660 cc,Hatchback
12027279,Brown,Islamabad,Imported,660 cc,Hatchback
12027098,Burgundy,Islamabad,Local,660 cc,Hatchback
12026876,White,Punjab,Imported,660 cc,Hatchback
12026738,White,Islamabad,Imported,660 cc,Hatchback
12026578,Golden,Punjab,Imported,660 cc,Hatchback
12026490,Silky Silver Metallic,Islamabad,Imported,660 cc,Hatchback
11922748,White,Islamabad,Local,660 cc,Hatchback
12029977,White,Islamabad,Imported,660 cc,N/A
12028452,Beige,Islamabad,Imported,660 cc,Hatchback
12028537,White,Islamabad,Imported,660 cc,Hatchback
12029317,Orange,Islamabad,Imported,660 cc,Hatchback
11679254,Silver,Punjab,Imported,660 cc,N/A
11931020,White,Islamabad,Imported,660 cc,Hatchback
12028643,Silver,Lahore,Imported,660 cc,N/A
12028590,Silver,Lahore,Imported,660 cc,Hatchback
12028406,Unlisted,Islamabad,Imported,660 cc,Hatchback
11890448,White,Islamabad,Imported,660 cc,Hatchback
12019884,Blue,Punjab,Local,1000 cc,Hatchback
12031293,Navy,Karachi,Imported,660 cc,N/A
12030900,Beige,Islamabad,Imported,660 cc,Hatchback
12031592,Silver,Punjab,Local,660 cc,N/A
12032382,White,Punjab,Imported,660 cc,Hatchback
11284955,White,Islamabad,Local,660 cc,Hatchback
12032922,Urban Brown Pearl Metallic,Islamabad,Imported,660 cc,N/A
12034650,White,Islamabad,Imported,660 cc,Hatchback
12034299,Superia White,Punjab,Local,660 cc,Hatchback
12034281,White,Islamabad,Imported,660 cc,N/A
12034239,White,Punjab,Imported,660 cc,N/A
12034194,White,Islamabad,Local,660 cc,N/A
12033895,Grey,Sindh,Local,660 cc,N/A
12033233,Pink,Islamabad,Imported,660 cc,Hatchback
12035771,Blue,Punjab,Imported,660 cc,N/A
12035073,White,Islamabad,Local,660 cc,Hatchback
12034856,Grey,Islamabad,Imported,660 cc,Hatchback
12035860,Burgundy,Islamabad,Imported,660 cc,N/A
11840295,Burgundy,Islamabad,Imported,660 cc,Hatchback
12037354,White,Islamabad,Imported,660 cc,Hatchback
12037094,White,Punjab,Imported,659 cc,Hatchback
12036600,Black,Islamabad,Imported,660 cc,Station Wagon
12036447,White,Rawalpindi,Imported,660 cc,Hatchback
12036309,Indigo,Islamabad,Imported,660 cc,Hatchback
12036220,Red,Peshawar,Imported,660 cc,Hatchback
12036187,White,Islamabad,Local,660 cc,Hatchback
12036667,White,Punjab,Local,1000 cc,Hatchback
12039210,White,Islamabad,Local,660 cc,Hatchback
12039203,Turquoise,Abbottabad,Imported,660 cc,Hatchback
12039139,Silver,Islamabad,Local,660 cc,Hatchback
12039009,White,Islamabad,Imported,660 cc,Hatchback
12038162,Silver,Islamabad,Local,660 cc,Hatchback
12038085,White,Islamabad,Imported,660 cc,Hatchback
12037939,Maroon,Islamabad,Imported,660 cc,Hatchback
12036945,Silver,Punjab,Local,660 cc,Hatchback
12037487,Silver,Islamabad,Imported,660 cc,Hatchback
12037567,Golden,Punjab,Imported,660 cc,Hatchback
12039292,White,Islamabad,Imported,660 cc,Hatchback
12039448,White,Islamabad,Local,1300 cc,Hatchback
12042021,Black,Islamabad,Imported,660 cc,Hatchback
12040795,White,Punjab,Imported,660 cc,Hatchback
12042150,Blue,Islamabad,Imported,660 cc,Hatchback
12043359,White,Islamabad,Imported,660 cc,Hatchback
12043132,White,Islamabad,Imported,660 cc,Hatchback
12043463,Red,Sindh,Imported,660 cc,Hatchback
11483899,Unlisted,Punjab,Imported,660 cc,Hatchback
12043652,Graphite Grey,Punjab,Local,1300 cc,Hatchback
11040395,Silver,Islamabad,Local,660 cc,Hatchback
12044684,Grey,Islamabad,Imported,658 cc,Hatchback
12045128,Maroon,Islamabad,Imported,660 cc,N/A
12044942,Maroon,Punjab,Imported,660 cc,Hatchback
12044802,Maroon,Lahore,Imported,660 cc,Hatchback
12044554,Purple,Punjab,Imported,660 cc,Hatchback
12044519,Green,Islamabad,Imported,660 cc,Mini Van
12045912,Grapes,Islamabad,Imported,660 cc,Hatchback
12045987,Silver,Islamabad,Imported,660 cc,Hatchback
11979650,White,Islamabad,Local,660 cc,Hatchback
11865393,Silver,Lahore,Imported,660 cc,Hatchback
12046632,White,Punjab,Imported,660 cc,Hatchback
12046312,Silver,Islamabad,Imported,660 cc,Hatchback
11754292,Silver,Sindh,Imported,660 cc,Hatchback
12048567,White,Islamabad,Imported,660 cc,Hatchback
12048068,White,Islamabad,Local,660 cc,Hatchback
12047879,Unlisted,Lahore,Imported,660 cc,Mini Van
12047693,Green,Lahore,Imported,660 cc,SUV
12047511,Black,Islamabad,Imported,660 cc,Hatchback
11520607,White,Islamabad,Imported,660 cc,N/A
12046328,Pearl White,Punjab,Imported,660 cc,Hatchback
12047362,White,Lahore,Imported,660 cc,Hatchback
12047190,Red,Islamabad,Imported,660 cc,Hatchback
12049605,White,Islamabad,Local,660 cc,Hatchback
11874672,White,Punjab,Imported,660 cc,N/A
12049644,Navy,Punjab,Imported,660 cc,N/A
12051146,Green,Islamabad,Imported,660 cc,Hatchback
12050452,White,Lahore,Imported,660 cc,Hatchback
12050290,Burgundy,Islamabad,Local,660 cc,Hatchback
12050264,Black,Islamabad,Imported,660 cc,Hatchback
12049980,Sky Blue Metallic,Punjab,Imported,660 cc,Hatchback
12050690,Black,Lahore,Imported,660 cc,Hatchback
11888799,White,Punjab,Imported,660 cc,N/A
12053335,Crystal Black Pearl,Islamabad,Imported,660 cc,Hatchback
12053323,White,Rawalpindi,Imported,658 cc,Hatchback
12053092,Silver,Islamabad,Imported,660 cc,N/A
12053063,Black,Islamabad,Imported,660 cc,N/A
12052883,White,Punjab,Imported,660 cc,Hatchback
12052878,Grey,Islamabad,Local,660 cc,Hatchback
12052603,Indigo,Punjab,Imported,660 cc,Hatchback
12052023,Purple,Punjab,Imported,660 cc,N/A
12051595,Golden,Bhimber,Imported,660 cc,Hatchback
12043451,White,Islamabad,Local,660 cc,Hatchback
12007054,White,Islamabad,Local,660 cc,Hatchback
12052397,Black,Islamabad,Imported,660 cc,N/A
12016000,Blue,Islamabad,Imported,1000 cc,Hatchback
12054308,White,Punjab,Imported,660 cc,Hatchback
12054183,Silver,Islamabad,Imported,660 cc,Hatchback
12054126,White,Islamabad,Local,660 cc,Hatchback
11875574,White,Punjab,Imported,660 cc,SUV
12053780,White,Punjab,Local,660 cc,Hatchback
11921272,White,Lahore,Imported,660 cc,N/A
12053474,White,Islamabad,Imported,660 cc,Hatchback
11644655,Burgundy,Punjab,Imported,660 cc,Hatchback
12031259,Maroon,Punjab,Local,1300 cc,Hatchback
12053224,White,Islamabad,Imported,1000 cc,Hatchback
11981706,White,Islamabad,Local,1000 cc,Hatchback
12056339,Silver,Islamabad,Imported,660 cc,Hatchback
12056315,White,Islamabad,Imported,660 cc,Hatchback
12056247,Silver,Islamabad,Local,660 cc,Hatchback
11615117,Unlisted,Islamabad,Imported,660 cc,Hatchback
11922140,Black,Lahore,Imported,660 cc,Mini Van
12055492,Silver,Lahore,Imported,660 cc,Hatchback
12055051,Beige,Punjab,Imported,660 cc,N/A
12055038,Silver,Punjab,Imported,660 cc,N/A
11677268,White,Islamabad,Imported,660 cc,Hatchback
12054660,White,Islamabad,Local,660 cc,Hatchback
12054642,White,Islamabad,Local,660 cc,Hatchback
12050741,White,Islamabad,Imported,660 cc,N/A
11561981,Pearl White,Islamabad,Imported,660 cc,Hatchback
12055005,Silver,Islamabad,Imported,660 cc,N/A
12058951,White,Islamabad,Imported,660 cc,Hatchback
12058896,Black,Islamabad,Imported,660 cc,Hatchback
12058825,White,Islamabad,Imported,660 cc,N/A
12058591,White,Islamabad,Local,660 cc,Hatchback
12058361,Indigo,Rawalpindi,Imported,660 cc,Hatchback
12058244,Navy,Punjab,Imported,660 cc,Hatchback
12057955,White,Islamabad,Imported,658 cc,Hatchback
11920490,Silky Silver,Punjab,Local,660 cc,Hatchback
12057609,Blue,Sindh,Imported,660 cc,Hatchback
12057229,Silver,Karachi,Imported,660 cc,N/A
12057224,White,Sindh,Imported,660 cc,Hatchback
12057220,White,Islamabad,Local,660 cc,Hatchback
12057136,White,Karachi,Imported,660 cc,Hatchback
12057066,Silver,Islamabad,Imported,660 cc,Hatchback
11754213,Silver,Islamabad,Imported,660 cc,Hatchback
12058579,Green,Sindh,Imported,660 cc,SUV
12058014,White,Punjab,Imported,660 cc,N/A
12057686,Black,Punjab,Imported,660 cc,N/A
12053888,Graphite Grey,Islamabad,Local,1000 cc,Hatchback
12056982,Silver,Islamabad,Imported,1000 cc,Hatchback
12059586,White,Punjab,Imported,660 cc,Hatchback
11861753,White,Islamabad,Imported,660 cc,Hatchback
12059153,Black,Islamabad,Imported,660 cc,Hatchback
11894955,White,Punjab,Imported,660 cc,Hatchback
12059719,Beige,Islamabad,Imported,660 cc,Hatchback
12060902,White,Islamabad,Local,660 cc,Hatchback
12061024,White,Islamabad,Local,660 cc,N/A
12060867,Black,Lahore,Imported,660 cc,SUV
11585619,Black,Islamabad,Imported,660 cc,Hatchback
12060547,Navy,Punjab,Imported,660 cc,Hatchback
12060300,Black,Islamabad,Imported,660 cc,N/A
12060003,White,Islamabad,Local,660 cc,Hatchback
12063900,Red,Lahore,Imported,660 cc,N/A
12063596,Brown,Islamabad,Imported,660 cc,N/A
12063260,White,Islamabad,Imported,660 cc,Hatchback
12062885,Silver,Punjab,Local,660 cc,Hatchback
12062770,Maroon,Lahore,Imported,660 cc,N/A
12062680,Black,Islamabad,Imported,660 cc,Hatchback
12062199,Grey,Islamabad,Imported,660 cc,Hatchback
12062135,White,Islamabad,Imported,660 cc,Hatchback
12061687,White,Lahore,Imported,658 cc,Hatchback
12061292,White,Abbottabad,Imported,660 cc,Hatchback
12058698,Grey,Punjab,Imported,658 cc,Hatchback
11556862,Silky Silver Metallic,Islamabad,Imported,660 cc,Hatchback
12063185,White,Punjab,Imported,660 cc,Hatchback
11905719,White,Punjab,Imported,660 cc,Hatchback
11990050,Silver,Punjab,Imported,1000 cc,Hatchback
12061296,Pink,Islamabad,Imported,1000 cc,N/A
11703480,Sky Blue,Rawalpindi,Imported,1000 cc,Hatchback
12065459,White,Islamabad,Local,660 cc,Hatchback
11835419,Black,Islamabad,Imported,660 cc,Hatchback
12065077,Red,Islamabad,Imported,660 cc,Hatchback
12063558,White,Islamabad,Local,660 cc,Hatchback
12064631,Silver,Islamabad,Local,660 cc,Hatchback
12064395,Burgundy,Lahore,Imported,660 cc,Hatchback
12045187,Blazing Blue,Islamabad,Imported,1300 cc,Hatchback
12064762,Silver,Islamabad,Imported,1000 cc,Hatchback
12050988,Grey,Islamabad,Imported,1000 cc,N/A
12067188,White,Islamabad,Local,660 cc,Hatchback
12067038,White,Islamabad,Imported,660 cc,Hatchback
12067815,Black,Islamabad,Imported,660 cc,Hatchback
11737252,Black,Islamabad,Imported,660 cc,N/A
12067095,White,Islamabad,Local,660 cc,Hatchback
12066952,White,Punjab,Local,660 cc,Hatchback
11473653,Urban Brown Pearl Metallic,Islamabad,Local,660 cc,Hatchback
12066011,Blue,Islamabad,Local,660 cc,Hatchback
12065957,Burgundy,Lahore,Imported,660 cc,Mini Van
12065920,White,Islamabad,Local,660 cc,Hatchback
12065794,Red,Islamabad,Imported,660 cc,Hatchback
12065720,White,Punjab,Local,660 cc,Hatchback
12066212,Pink,Lahore,Imported,660 cc,Hatchback
12067983,Black,Punjab,Local,660 cc,Hatchback
12063729,White,Islamabad,Local,1000 cc,Hatchback
12068464,White,Punjab,Local,660 cc,Hatchback
12068300,bronze brown,Islamabad,Imported,660 cc,N/A
12012739,Black,Punjab,Imported,660 cc,Hatchback
12069641,Green,Islamabad,Imported,660 cc,N/A
12069627,White,Islamabad,Local,660 cc,Hatchback
12069267,Silver,Islamabad,Imported,660 cc,Hatchback
11920618,Pink,Punjab,Imported,660 cc,Mini Van
11937827,White,Islamabad,Imported,660 cc,Hatchback
12068804,Night Hawk Black Pearl,Punjab,Imported,660 cc,Hatchback
12069052,Grey,Islamabad,Imported,660 cc,Hatchback
12061994,Silky Silver,Islamabad,Local,1000 cc,Hatchback
11942133,Grey,Islamabad,Local,1300 cc,Hatchback
12069198,White,Islamabad,Local,1300 cc,Hatchback
12069899,Pink,Islamabad,Imported,660 cc,Mini Van
12069816,White,Islamabad,Imported,660 cc,Hatchback
12071764,Maroon,Islamabad,Imported,660 cc,Hatchback
11901314,White,Lahore,Imported,660 cc,Mini Vehicles
12071350,Black,Lahore,Imported,660 cc,Hatchback
12070596,White,Islamabad,Local,660 cc,Hatchback
12070493,Gold,Punjab,Imported,660 cc,N/A
12070361,Grey,Sindh,Imported,660 cc,Hatchback
11944487,Green,Sindh,Imported,660 cc,N/A
12070098,Black,Punjab,Imported,660 cc,Hatchback
12069804,White,Islamabad,Imported,660 cc,N/A
12042191,White,Karachi,Local,660 cc,N/A
12070288,Maroon,Islamabad,Imported,660 cc,Hatchback
12070249,Solid White,Islamabad,Local,1300 cc,Hatchback
12069833,Grey,Islamabad,Local,1300 cc,Sedan
12072259,White,Islamabad,Imported,660 cc,Hatchback
12072114,White,Islamabad,Local,660 cc,Hatchback
11586426,Silky Silver,Islamabad,Local,660 cc,Hatchback
12072032,White,Islamabad,Local,660 cc,Hatchback
12064417,White,Islamabad,Imported,660 cc,Hatchback
12072758,Burgundy,Islamabad,Imported,660 cc,Hatchback
12073366,White,Sindh,Imported,660 cc,Hatchback
12073266,White,Islamabad,Imported,660 cc,Hatchback
12072921,Red,Islamabad,Imported,660 cc,Hatchback
12072829,White,Islamabad,Local,660 cc,Hatchback
12070350,White,Islamabad,Local,660 cc,Hatchback
12072756,White,Islamabad,Imported,660 cc,Hatchback
12071843,White,Punjab,Local,660 cc,Hatchback
11881377,Black,Punjab,Imported,658 cc,Hatchback
12009993,White,Islamabad,Imported,660 cc,Hatchback
12073147,Solid White,Punjab,Local,1300 cc,Hatchback
11671646,Red,Islamabad,Imported,1000 cc,Hatchback
12075589,White,Lahore,Imported,660 cc,Hatchback
12075553,White,Lahore,Imported,660 cc,Hatchback
12075267,Green,Islamabad,Imported,660 cc,Hatchback
11868704,White,Islamabad,Local,660 cc,Hatchback
12072912,Black,Islamabad,Imported,660 cc,Hatchback
12074675,White,Islamabad,Local,660 cc,Hatchback
12074564,Yellow,Islamabad,Imported,660 cc,N/A
12074467,Yellow,Punjab,Imported,660 cc,Hatchback
12069824,Pink,Islamabad,Imported,660 cc,Hatchback
12074096,White,Islamabad,Local,660 cc,Hatchback
12074295,White,Islamabad,Local,800 cc,N/A
12066915,Silver,Sindh,Local,1200 cc,Hatchback
12076863,White,Islamabad,Imported,660 cc,Hatchback
11860306,White,Islamabad,Imported,660 cc,N/A
12077077,Black,Islamabad,Imported,660 cc,Hatchback
12076988,Silver,Sindh,Local,660 cc,Hatchback
12076899,Silver,Karachi,Imported,660 cc,Hatchback
12076843,Blue,Islamabad,Imported,660 cc,Hatchback
12076685,White,Punjab,Local,660 cc,Hatchback
12076506,White,Islamabad,Local,660 cc,Hatchback
12076416,Black,Islamabad,Imported,660 cc,Hatchback
12076295,White,Lahore,Imported,660 cc,Hatchback
12076137,White,Islamabad,Imported,660 cc,Hatchback
11833380,Superia White,Islamabad,Local,660 cc,Hatchback
12075112,White,Islamabad,Imported,660 cc,N/A
11733870,Red,Punjab,Imported,660 cc,Hatchback
12076201,Blue,Sindh,Imported,660 cc,Hatchback
11939228,Silver,Islamabad,Imported,660 cc,Hatchback
12077167,White,Islamabad,Imported,1300 cc,Hatchback
12076023,Silver,Islamabad,Imported,1000 cc,Sedan
11932393,Silver,Lahore,Imported,660 cc,N/A
12078804,Grey,Islamabad,Local,660 cc,Hatchback
12078851,Silver,Punjab,Imported,660 cc,Hatchback
12078539,White,Islamabad,Local,660 cc,Hatchback
12078328,Red,Sindh,Imported,660 cc,Hatchback
12077999,White,Islamabad,Local,660 cc,Hatchback
11965565,Turquoise,Islamabad,Imported,660 cc,Hatchback
12077693,Turquoise,Punjab,Imported,660 cc,N/A
12077690,Red,Lahore,Imported,660 cc,Hatchback
12077533,White,Islamabad,Local,660 cc,Hatchback
12077513,Silver,Punjab,Imported,660 cc,Hatchback
12077483,White,Sindh,Local,660 cc,Hatchback
11923694,White,Lahore,Imported,660 cc,Hatchback
12078226,White,Sindh,Imported,660 cc,Hatchback
12078647,Purple,Islamabad,Imported,1000 cc,Hatchback
12067754,Pink,Punjab,Imported,1000 cc,Hatchback
12077651,Smoke Green,Islamabad,Local,1300 cc,Hatchback
12078495,Black,Karachi,Imported,1000 cc,Hatchback
12079881,Blue,Islamabad,Imported,660 cc,Hatchback
11806182,Black,Islamabad,Imported,660 cc,Hatchback
11723082,White,Islamabad,Local,660 cc,N/A
12079718,Turquoise,Punjab,Local,660 cc,Hatchback
12079694,White,Islamabad,Imported,660 cc,Mini Van
12079608,Silver,Islamabad,Imported,660 cc,Hatchback
12079667,White,Islamabad,Local,660 cc,Hatchback
12079730,White,Islamabad,Local,660 cc,Hatchback
12081163,White,Islamabad,Local,660 cc,Hatchback
12080835,Black,Islamabad,Imported,660 cc,Hatchback
12035070,White,Islamabad,Local,660 cc,Hatchback
12081082,Black,Islamabad,Imported,660 cc,Hatchback
12081014,Silver,Punjab,Imported,660 cc,Hatchback
12080958,Black,Lahore,Imported,660 cc,N/A
12080920,White,Islamabad,Imported,660 cc,Hatchback
12080682,Silver,Islamabad,Imported,660 cc,Hatchback
12080357,White,Islamabad,Imported,660 cc,Hatchback
12079206,Silver,Punjab,Imported,660 cc,Hatchback
12080325,Turquoise,Lahore,Imported,660 cc,Hatchback
12080310,Blue,Islamabad,Imported,660 cc,Hatchback
12080173,White,Islamabad,Imported,660 cc,Hatchback
11972123,Silver,Islamabad,Imported,1000 cc,Sedan
12082657,White,Islamabad,Local,660 cc,Hatchback
12081750,Blue,Islamabad,Imported,660 cc,N/A
12083455,Burgundy,Islamabad,Imported,660 cc,Hatchback
12083454,White,Islamabad,Imported,660 cc,Hatchback
12083394,Red,Islamabad,Local,660 cc,Hatchback
12083096,Silver,Lahore,Imported,660 cc,Hatchback
12083077,Black,Islamabad,Imported,660 cc,N/A
12082700,Black,Islamabad,Imported,660 cc,Hatchback
12082554,White,Islamabad,Local,660 cc,Hatchback
12082556,Beige,Punjab,Imported,660 cc,Hatchback
12082332,Burgundy,Punjab,Imported,660 cc,Hatchback
12082161,Turquoise,Islamabad,Imported,660 cc,Hatchback
12082041,Beige,Islamabad,Imported,660 cc,Hatchback
12081957,Silver,Islamabad,Imported,660 cc,Hatchback
12081419,Navy,Lahore,Imported,660 cc,Hatchback
12081558,White,Islamabad,Imported,660 cc,Hatchback
11992265,White,Islamabad,Imported,660 cc,Hatchback
12082162,Golden,Islamabad,Local,1300 cc,Hatchback
12084208,Beige,Lahore,Imported,660 cc,Hatchback
12084111,Silver,Islamabad,Imported,660 cc,Hatchback
12084079,Maroon,Islamabad,Imported,660 cc,Hatchback
12084003,White,Rawalpindi,Imported,660 cc,Hatchback
12083862,White,Islamabad,Imported,660 cc,N/A
11957327,Purple,Punjab,Imported,660 cc,Mini Van
12083699,White,Islamabad,Imported,660 cc,N/A
12083688,Red,Lahore,Imported,660 cc,Hatchback
12083576,White,Islamabad,Local,660 cc,Hatchback
12083946,Green,Rawalpindi,Local,660 cc,Hatchback
12083684,White,Islamabad,Imported,660 cc,N/A
12083589,White,Islamabad,Imported,660 cc,Hatchback
12085209,Burgundy,Islamabad,Local,660 cc,Hatchback
12085112,Silver,Islamabad,Imported,660 cc,Hatchback
12085831,White,Islamabad,Imported,660 cc,Hatchback
11951534,Yellow,Sindh,Imported,660 cc,Hatchback
12085506,White,Islamabad,Imported,660 cc,Hatchback
12085285,White,Islamabad,Local,660 cc,Hatchback
12085296,White,Islamabad,Imported,660 cc,N/A
12084605,Black,Islamabad,Imported,660 cc,Mini Van
12085168,White,Punjab,Imported,660 cc,Hatchback
12084974,White,Lahore,Local,660 cc,Hatchback
12084857,Grey,Islamabad,Imported,660 cc,Hatchback
12084690,White,Punjab,Local,660 cc,N/A
12084665,White,Punjab,Local,660 cc,N/A
12084514,Black,Islamabad,Imported,660 cc,Hatchback
12084434,White,Islamabad,Imported,660 cc,Hatchback
12084406,White,Punjab,Imported,660 cc,Hatchback
12010458,Blue,Rawalpindi,Imported,660 cc,Hatchback
11990656,White,Islamabad,Imported,660 cc,Hatchback
12085791,White,Lahore,Imported,660 cc,Hatchback
12085380,White,Rawalpindi,Local,660 cc,Hatchback
12085321,White,Lahore,Imported,660 cc,Hatchback
12085078,White,Islamabad,Imported,660 cc,Hatchback
12085910,White,Punjab,Imported,660 cc,N/A
12085284,White,Islamabad,Local,1300 cc,Hatchback
12087675,White,Punjab,Local,660 cc,Hatchback
12087172,White,Islamabad,Imported,660 cc,Hatchback
11956950,Pink,Islamabad,Imported,660 cc,Hatchback
12087908,White,Islamabad,Imported,660 cc,Hatchback
11918194,White,Karachi,Imported,660 cc,Hatchback
12087784,White,Islamabad,Local,660 cc,Hatchback
11926166,Mica Black,Islamabad,Imported,660 cc,Hatchback
12087559,Pink,Islamabad,Imported,660 cc,Hatchback
12085586,White,Islamabad,Local,660 cc,Hatchback
12086983,White,Lahore,Imported,660 cc,N/A
12086651,Pink,Islamabad,Imported,660 cc,Hatchback
11838786,light pink,Punjab,Local,660 cc,Hatchback
12086542,White,Islamabad,Imported,660 cc,Hatchback
12086403,Black,Islamabad,Imported,660 cc,Hatchback
12086285,Black,Islamabad,Imported,660 cc,Hatchback
12085936,Red,Islamabad,Imported,660 cc,Hatchback
11930439,White,Karachi,Imported,660 cc,Mini Van
12085963,Black,Sindh,Imported,660 cc,Hatchback
12085956,Black,Punjab,Imported,660 cc,Hatchback
12086854,Blue,Islamabad,Imported,660 cc,Hatchback
12087657,Silver,Islamabad,Local,1000 cc,Hatchback
12088204,White,Sindh,Local,1000 cc,Hatchback
12087109,Silver,Islamabad,Imported,1000 cc,Hatchback
11929188,White,Islamabad,Local,1300 cc,Hatchback
12086687,White,Punjab,Local,1000 cc,Hatchback
12088695,White,Islamabad,Imported,658 cc,Hatchback
12088499,Black,Islamabad,Imported,660 cc,Hatchback
12088296,Green,Islamabad,Imported,660 cc,Hatchback
12088284,Black,Islamabad,Imported,660 cc,Hatchback
11922407,Black,Punjab,Imported,658 cc,Hatchback
12090471,Burgundy,Islamabad,Imported,660 cc,Hatchback
12089950,Burgundy,Islamabad,Imported,660 cc,N/A
12089933,White,Islamabad,Imported,660 cc,Hatchback
12089736,White,Punjab,Local,660 cc,Hatchback
12089594,White,Islamabad,Local,660 cc,Hatchback
12088870,Black,Punjab,Imported,660 cc,Hatchback
11564807,Green,Punjab,Imported,660 cc,SUV
12089585,Indigo,Punjab,Imported,660 cc,N/A
12089154,White,Punjab,Imported,660 cc,Hatchback
12089674,Navy,Islamabad,Local,1000 cc,Hatchback
12053269,White,Islamabad,Imported,1000 cc,Hatchback
12088949,Unlisted,Islamabad,Imported,1000 cc,N/A
12094183,Maroon,Islamabad,Imported,660 cc,Hatchback
12094425,White,Islamabad,Local,660 cc,Hatchback
12094368,Blue,Sindh,Imported,660 cc,N/A
12094282,White,Rawalpindi,Local,660 cc,Hatchback
12094176,White,Islamabad,Imported,660 cc,N/A
12093921,White,Islamabad,Imported,660 cc,Hatchback
12093918,Black,Punjab,Imported,660 cc,Hatchback
12091980,White,Islamabad,Local,660 cc,Hatchback
12091043,Navy,Islamabad,Imported,660 cc,Hatchback
12092889,Silver,Rawalpindi,Imported,660 cc,N/A
12084285,White,Punjab,Imported,660 cc,Compact SUV
12092284,Silver,Islamabad,Local,660 cc,Hatchback
12091918,Silver,Islamabad,Imported,660 cc,Hatchback
12091668,Grey,Punjab,Local,660 cc,Hatchback
12091573,Silver,Islamabad,Imported,660 cc,Hatchback
12091378,Brown,Islamabad,Imported,658 cc,Hatchback
12091369,Beige,Islamabad,Imported,660 cc,Hatchback
12091364,Burgundy,Punjab,Imported,660 cc,Hatchback
12090318,White,Punjab,Local,660 cc,Hatchback
12091001,Silver,Islamabad,Imported,660 cc,N/A
12090909,White,Islamabad,Local,660 cc,Hatchback
12090789,White,Islamabad,Local,660 cc,Hatchback
12090634,White,Punjab,Local,660 cc,Hatchback
12090617,White,Punjab,Imported,559 cc,Hatchback
11964830,Black,Punjab,Imported,660 cc,Hatchback
12090602,Beige,Islamabad,Imported,660 cc,Hatchback
12093739,White,Islamabad,Local,660 cc,Hatchback
12092348,White,Islamabad,Imported,660 cc,Hatchback
12091813,Black,Punjab,Imported,660 cc,N/A
12094463,White,Punjab,Local,1000 cc,Hatchback
12093981,White,Islamabad,Local,1000 cc,Hatchback
12093774,Red,Islamabad,Imported,1000 cc,Hatchback
12093693,Solid White,Punjab,Local,1000 cc,Hatchback
12038917,Black,Punjab,Imported,1300 cc,Hatchback
12008999,Grey,Punjab,Local,1300 cc,Hatchback
12090670,Burgundy,Islamabad,Imported,1000 cc,Hatchback
12085391,Black,Islamabad,Imported,660 cc,Hatchback
12095725,Grey,Punjab,Imported,660 cc,Hatchback
12094971,Pink,Islamabad,Imported,660 cc,Hatchback
12096497,White,Punjab,Imported,660 cc,Hatchback
12096318,White,Islamabad,Imported,660 cc,Hatchback
12096248,Silver,Islamabad,Imported,660 cc,Hatchback
12096208,Turquoise,Punjab,Imported,660 cc,N/A
12096173,Black,Islamabad,Imported,660 cc,Hatchback
12096165,Turquoise,Punjab,Imported,660 cc,Hatchback
12095395,Silver,Islamabad,Imported,658 cc,Hatchback
12095907,Black,Islamabad,Imported,660 cc,Hatchback
12095920,Black,Punjab,Imported,658 cc,Hatchback
12095848,Silver,Islamabad,Local,660 cc,Hatchback
12095838,White,Islamabad,Local,660 cc,Hatchback
12095803,Burgundy,Sindh,Imported,660 cc,Hatchback
12095771,Black,Islamabad,Imported,660 cc,Hatchback
12095698,Pink,Islamabad,Imported,660 cc,Hatchback
12095501,Maroon,Sindh,Imported,660 cc,Hatchback
10907636,Green,Rawalpindi,Imported,660 cc,SUV
12095286,Silver,Punjab,Imported,660 cc,Hatchback
12094962,Grey,Sindh,Imported,660 cc,SUV
12094908,White,Punjab,Local,660 cc,N/A
12094844,Black,Islamabad,Imported,660 cc,N/A
12094791,Beige,Punjab,Imported,660 cc,Hatchback
12095974,Silver,Islamabad,Imported,660 cc,Hatchback
11919142,Black,Lahore,Imported,1000 cc,Hatchback
11530915,Polar White,Karachi,Imported,1000 cc,Hatchback
12094736,White,Islamabad,Local,1300 cc,Hatchback
12094574,White,Islamabad,Local,1000 cc,Hatchback
12095164,White,Islamabad,Local,1000 cc,Hatchback
12096985,White,Islamabad,Local,660 cc,Hatchback
12097853,Grey,Islamabad,Local,660 cc,Hatchback
12098546,White,Lahore,Imported,660 cc,Hatchback
12098502,White,Punjab,Imported,660 cc,Compact SUV
12098298,Silver,Punjab,Imported,660 cc,N/A
12098063,Grey,Islamabad,Imported,660 cc,Hatchback
12097809,White,Islamabad,Imported,660 cc,N/A
11965011,Black,Punjab,Imported,660 cc,N/A
12097743,Turquoise,Karachi,Imported,660 cc,N/A
12096714,White,Islamabad,Local,660 cc,Hatchback
11963766,White,Islamabad,Local,660 cc,Hatchback
12028567,Unlisted,Punjab,Imported,660 cc,N/A
12097221,Turquoise,Islamabad,Imported,660 cc,N/A
12097123,Beige,Islamabad,Imported,660 cc,Hatchback
12096865,White,Islamabad,Imported,660 cc,Hatchback
12052488,Grey,Islamabad,Local,660 cc,Hatchback
12059199,Silver,Islamabad,Imported,660 cc,Convertible
11957587,White,Punjab,Imported,660 cc,Hatchback
12098144,White,Islamabad,Imported,660 cc,Hatchback
11928521,Silver,Islamabad,Imported,660 cc,Hatchback
12097811,Black,Abbottabad,Imported,660 cc,Hatchback
12097346,White,Islamabad,Imported,660 cc,Hatchback
12097099,Black,Un-Registered,Imported,660 cc,Hatchback
12096694,White,Islamabad,Imported,660 cc,Hatchback
12098193,Burgundy,Islamabad,Imported,1000 cc,N/A
12094384,Red,Islamabad,Local,1300 cc,Hatchback
12046495,Blue,Islamabad,Local,1300 cc,Hatchback
12098092,White,Islamabad,Local,1300 cc,Hatchback
12097909,Red,Islamabad,Imported,1000 cc,Hatchback
12097866,White,Punjab,Imported,1000 cc,Hatchback
12098291,White,Islamabad,Local,1000 cc,Hatchback
12098268,Red,Abbottabad,Local,1300 cc,Hatchback
12098206,Burgundy,Islamabad,Local,1300 cc,Hatchback
12097982,White,Rawalpindi,Local,800 cc,Hatchback
12097988,White,Karachi,Local,1000 cc,Hatchback
12097920,Black,Lahore,Imported,1000 cc,Hatchback
11850110,Grey,Lahore,Local,1000 cc,Hatchback
11856936,Beige,Punjab,Imported,1000 cc,Hatchback
12097777,White,Islamabad,Local,1300 cc,Hatchback
12097768,Silver,Islamabad,Local,1000 cc,Hatchback
11814700,White,Islamabad,Local,1000 cc,Hatchback
12066568,Maroon,Punjab,Local,1300 cc,Hatchback
11812293,White,Lahore,Imported,1000 cc,Hatchback
11974002,Silky Silver,Punjab,Local,1000 cc,Hatchback
12096815,White,Punjab,Local,1000 cc,Hatchback
12100789,Silver,Punjab,Imported,660 cc,Hatchback
12100635,White,Islamabad,Local,660 cc,Hatchback
12100200,Magenta,Lahore,Imported,660 cc,Hatchback
12092069,White,Islamabad,Local,660 cc,Hatchback
12099148,White,Islamabad,Local,660 cc,Hatchback
11981223,White,Islamabad,Imported,660 cc,Hatchback
12100461,White,Un-Registered,Local,660 cc,Hatchback
12100330,Green,Islamabad,Imported,660 cc,N/A
12100203,Green,Mansehra,Imported,660 cc,Hatchback
12100144,Brown,Islamabad,Imported,660 cc,N/A
12039664,White,Islamabad,Imported,660 cc,Hatchback
12100047,White,Islamabad,Local,660 cc,Hatchback
12099889,White,Punjab,Local,660 cc,Hatchback
12099601,White,Sindh,Local,660 cc,Hatchback
12099488,Silver,Rawalpindi,Local,660 cc,Hatchback
12099452,Silver,Islamabad,Local,660 cc,Hatchback
12098895,Silver,Islamabad,Imported,660 cc,Hatchback
12099386,Red,Islamabad,Imported,660 cc,Hatchback
12099302,White,Islamabad,Local,660 cc,Hatchback
12099251,Silver,Islamabad,Imported,660 cc,Hatchback
12099020,Green,Sindh,Imported,660 cc,SUV
12100372,White,Islamabad,Local,660 cc,Hatchback
12100835,White,Islamabad,Local,1000 cc,Hatchback
12100316,Silver,Islamabad,Local,1000 cc,Hatchback
11773115,White,Lahore,Local,1300 cc,Sedan
12100608,White,Islamabad,Local,1300 cc,Hatchback
12100491,White,Islamabad,Local,1000 cc,Hatchback
12099771,White,Punjab,Local,1300 cc,Sedan
12100276,Blue,Punjab,Local,1000 cc,Hatchback
12100159,Silver,Lahore,Imported,1300 cc,Sedan
12100127,White,Sindh,Local,1300 cc,Hatchback
12055032,Grey,Islamabad,Local,1000 cc,Hatchback
11817594,Golden,Punjab,Local,1300 cc,Sedan
12099836,Silver,Punjab,Local,1300 cc,Sedan
12099844,White,Sindh,Local,1000 cc,Hatchback
12099498,Solid White,Punjab,Local,1000 cc,Hatchback
12099660,Beige,Punjab,Imported,1000 cc,Hatchback
12099511,White,Islamabad,Imported,1000 cc,Hatchback
12098933,White,Islamabad,Local,1000 cc,Hatchback
11576372,Brown,Islamabad,Imported,1000 cc,Hatchback
12099164,White,Lahore,Local,1000 cc,Hatchback
12099077,Silver,Islamabad,Imported,1000 cc,Hatchback
11900939,White,Islamabad,Local,1300 cc,Sedan
12098996,White,Lahore,Local,1000 cc,Hatchback
12098930,White,Lahore,Imported,1000 cc,Hatchback
12098818,Golden,Islamabad,Imported,1000 cc,Hatchback
11958626,White,Islamabad,Local,1000 cc,Hatchback
12102831,White,Islamabad,Imported,660 cc,Hatchback
12102214,Black,Punjab,Imported,660 cc,Hatchback
12101719,Blue,Islamabad,Imported,660 cc,N/A
12100526,White,Islamabad,Local,660 cc,Hatchback
12101414,Blue,Islamabad,Imported,660 cc,N/A
12102815,White,Rawalpindi,Local,660 cc,N/A
12102733,White,Islamabad,Local,660 cc,Hatchback
12102634,White,Islamabad,Local,660 cc,Hatchback
12102619,Silver,Punjab,Imported,660 cc,Hatchback
12102383,White,Punjab,Imported,660 cc,Hatchback
12101720,White,Punjab,Local,660 cc,Hatchback
12101680,White,Punjab,Local,660 cc,Hatchback
12101493,Grey,Islamabad,Imported,660 cc,Hatchback
12101281,White,Punjab,Imported,660 cc,Hatchback
11941101,Green,Islamabad,Imported,660 cc,N/A
12017077,Silver,Punjab,Local,660 cc,Hatchback
12102260,Black,Lahore,Imported,660 cc,Hatchback
12102252,White,Sindh,Imported,660 cc,Hatchback
12101957,Red,Lahore,Imported,660 cc,Hatchback
12101900,White,Islamabad,Imported,660 cc,Hatchback
11470650,Bright Silver Metallic,Islamabad,Imported,660 cc,Hatchback
12101051,Beige,Islamabad,Imported,660 cc,Hatchback
12079887,White,Rawalpindi,Imported,1300 cc,Sedan
12076256,Red,Islamabad,Imported,1000 cc,N/A
12102417,White,Punjab,Local,1000 cc,Hatchback
12050885,Blue,Islamabad,Imported,1300 cc,Sedan
12102768,Silver,Lahore,Local,1300 cc,Sedan
12102723,Grey,Islamabad,Local,1300 cc,Hatchback
12018493,Silver,Punjab,Imported,1000 cc,Hatchback
12102457,White,Islamabad,Local,1000 cc,Hatchback
12102438,White,Lahore,Imported,1000 cc,Hatchback
12102350,Lemon,Islamabad,Imported,1300 cc,Hatchback
12093158,VELVET,Punjab,Imported,1000 cc,Hatchback
12102144,Blue,Islamabad,Local,1300 cc,Sedan
12101496,Burgundy,Punjab,Imported,1000 cc,Hatchback
12101475,Silver,Punjab,Local,1000 cc,Hatchback
12101926,Silver,Islamabad,Local,1000 cc,Hatchback
12100906,Black,Islamabad,Local,1000 cc,Hatchback
12100547,Silky Silver,Sindh,Local,1000 cc,Hatchback
12101817,Beige,Islamabad,Imported,1000 cc,Hatchback
12101811,Grey,Punjab,Local,1000 cc,Hatchback
12101579,Golden,Punjab,Local,1300 cc,Sedan
12022773,White,Islamabad,Imported,1000 cc,Hatchback
12093115,Grey,Punjab,Imported,1000 cc,Hatchback
11979651,White,Islamabad,Local,660 cc,Hatchback
12067104,White,Punjab,Imported,660 cc,N/A
12102367,White,Islamabad,Local,660 cc,Hatchback
12104290,White,Islamabad,Local,660 cc,Hatchback
12104761,Silver,Islamabad,Imported,660 cc,N/A
12104606,Black,Punjab,Imported,660 cc,Hatchback
11770268,Blue,Punjab,Imported,660 cc,Hatchback
12051900,Black,Punjab,Imported,660 cc,N/A
12104349,White,Punjab,Imported,660 cc,Hatchback
12104222,White,Sindh,Local,660 cc,Hatchback
12103711,White,Islamabad,Local,660 cc,Hatchback
12036415,Navy,Islamabad,Imported,660 cc,Hatchback
11799683,White,Islamabad,Imported,660 cc,Mini Van
12103478,White,Islamabad,Local,660 cc,Hatchback
12103123,White,Faisalabad,Local,660 cc,Hatchback
12103129,White,Islamabad,Local,660 cc,Hatchback
12103006,Silver,Islamabad,Imported,660 cc,Hatchback
12103062,Purple,Islamabad,Imported,660 cc,Hatchback
12103030,Silver,Islamabad,Imported,660 cc,Hatchback
12060308,White,Punjab,Imported,660 cc,Hatchback
11999353,Unlisted,Punjab,Imported,660 cc,Hatchback
12102933,White,Rawalpindi,Local,660 cc,N/A
12104284,Grey,Punjab,Local,1300 cc,Hatchback
12104531,Silver,Islamabad,Local,1300 cc,Hatchback
12103696,Sb Metallic,Faisalabad,Local,1300 cc,Hatchback
12104847,Burgundy,Islamabad,Local,1000 cc,Hatchback
12104804,Silver,Lahore,Imported,1300 cc,Sedan
12104747,Silver,Punjab,Imported,1000 cc,Hatchback
12104712,Purple,Islamabad,Imported,1000 cc,N/A
12104615,Silver,Lahore,Imported,1300 cc,N/A
12104382,Grey,Lahore,Imported,1000 cc,Hatchback
12029760,Silver,Islamabad,Local,1300 cc,Sedan
12104039,White,Islamabad,Local,1000 cc,Hatchback
12104149,White,Islamabad,Local,1300 cc,Hatchback
12104062,Grey,Punjab,Local,1000 cc,Hatchback
12103005,Grey,Punjab,Local,1000 cc,Hatchback
12103795,White,Lahore,Local,1000 cc,Hatchback
12064547,Silver,Punjab,Imported,1000 cc,Hatchback
12103702,Green,Islamabad,Imported,1000 cc,Hatchback
11990993,White,Punjab,Local,1000 cc,Hatchback
12103298,Grey,Islamabad,Local,1000 cc,Hatchback
12103135,Silver,Islamabad,Local,1300 cc,Sedan
12103121,Silver,Islamabad,Imported,1000 cc,Hatchback
12103033,Blue,Islamabad,Imported,1000 cc,Hatchback
11648648,Silver,Islamabad,Local,660 cc,Hatchback
12105432,White,Punjab,Imported,660 cc,Hatchback
12106567,Beige,Islamabad,Imported,660 cc,Hatchback
12106492,White,Islamabad,Imported,660 cc,Hatchback
12106320,Silver,Islamabad,Imported,660 cc,Hatchback
12106212,White,Islamabad,Imported,660 cc,Hatchback
12105915,White,Islamabad,Local,660 cc,Hatchback
12105914,Unlisted,Islamabad,Imported,660 cc,Hatchback
12105886,Solid White,Islamabad,Local,660 cc,Hatchback
12105789,Maroon,Islamabad,Imported,660 cc,Hatchback
12105691,Black,Islamabad,Imported,660 cc,Hatchback
12105560,White,Punjab,Local,660 cc,Hatchback
12105402,White,Islamabad,Local,660 cc,Hatchback
12105140,Maroon,Islamabad,Imported,660 cc,Hatchback
12083289,White,Punjab,Imported,660 cc,Hatchback
12105352,Golden,Punjab,Imported,660 cc,SUV
12105250,White,Punjab,Imported,660 cc,Hatchback
12093132,Turquoise,Islamabad,Local,660 cc,Hatchback
12065675,Silver,Punjab,Imported,1000 cc,Hatchback
12106851,Navy,Sindh,Imported,1100 cc,N/A
12106783,Grey,Islamabad,Local,1300 cc,Hatchback
12106540,Silver,Punjab,Local,1300 cc,Hatchback
12075410,White,Islamabad,Local,1300 cc,N/A
12106382,Golden,Islamabad,Local,1300 cc,Sedan
12106248,White,Islamabad,Local,1000 cc,Hatchback
11982002,White,Islamabad,Local,1000 cc,Hatchback
12106311,White,Islamabad,Local,1000 cc,Hatchback
12106088,Silver,Islamabad,Local,1000 cc,Hatchback
12105985,Red,Islamabad,Local,1300 cc,Hatchback
12106343,Grey,Islamabad,Local,1200 cc,Hatchback
12106328,White,Islamabad,Local,1000 cc,Hatchback
12106268,White,Islamabad,Local,1000 cc,N/A
12106074,White,Islamabad,Local,1000 cc,Hatchback
11998785,Grey,Islamabad,Local,1300 cc,Hatchback
12105845,Solid White,Punjab,Local,1000 cc,Hatchback
12105851,White,Lahore,Imported,1000 cc,Hatchback
12105212,Silver,Karachi,Imported,1000 cc,Hatchback
12105796,White,Lahore,Imported,1000 cc,Sedan
12105725,White,Islamabad,Local,1000 cc,Hatchback
12105464,White,Sindh,Local,1000 cc,Hatchback
11976538,White,Sindh,Imported,1300 cc,Hatchback
12105385,Silver,Islamabad,Local,1300 cc,Hatchback
11645374,Polar White,Sindh,Imported,1000 cc,Hatchback
12105263,White,Punjab,Local,1300 cc,Sedan
12105184,Blue,Punjab,Imported,1000 cc,Hatchback
11976575,Grey,Punjab,Imported,1000 cc,Hatchback
12105111,Green,Lahore,Imported,1300 cc,Hatchback
12105037,White,Punjab,Local,1000 cc,Hatchback
12105025,Golden,Punjab,Local,1300 cc,Sedan
12105011,White,Islamabad,Local,1000 cc,Hatchback
12107995,Black,Punjab,Local,660 cc,Hatchback
12107434,Blue,Islamabad,Imported,660 cc,N/A
12107465,White,Islamabad,Local,660 cc,Hatchback
11984915,Golden,Islamabad,Imported,660 cc,Hatchback
12108790,Burgundy,Islamabad,Imported,660 cc,N/A
12108783,White,Islamabad,Local,660 cc,Hatchback
11862643,Silver,Islamabad,Local,660 cc,Hatchback
12108479,Grey,Punjab,Local,660 cc,Hatchback
12108348,Silver,Islamabad,Local,660 cc,Hatchback
12108327,Air blue metallic,Lahore,Imported,660 cc,Hatchback
12108039,White,Islamabad,Local,660 cc,Hatchback
12107114,Graphite Grey,Lahore,Imported,660 cc,Hatchback
12107935,Black,Islamabad,Imported,660 cc,Hatchback
12107897,White,Islamabad,Imported,660 cc,Hatchback
12107775,Black,Islamabad,Imported,660 cc,Hatchback
12107746,Grey,Islamabad,Imported,660 cc,N/A
12107740,Grey,Islamabad,Local,660 cc,Hatchback
12107723,Turquoise,Abbottabad,Imported,660 cc,Hatchback
12107590,Black,Islamabad,Imported,660 cc,Hatchback
12107501,Blue,Islamabad,Imported,660 cc,Compact SUV
11802746,White,Punjab,Imported,660 cc,Hatchback
12107272,Silver,Islamabad,Imported,660 cc,Hatchback
11828701,White,Rawalpindi,Local,660 cc,Hatchback
12107082,Burgundy,Islamabad,Imported,660 cc,Hatchback
12107024,White,Islamabad,Local,660 cc,Hatchback
12107028,White,Sindh,Local,660 cc,Hatchback
12106897,Pink,Islamabad,Imported,660 cc,Hatchback
11626392,Beige,Lahore,Imported,660 cc,Hatchback
12108272,White,Lahore,Imported,660 cc,N/A
11826562,Silver,Karachi,Imported,660 cc,N/A
12104344,Brown,Islamabad,Local,1000 cc,Hatchback
12109083,White,Islamabad,Local,1000 cc,Hatchback
12074441,Grey,Islamabad,Local,1000 cc,Hatchback
12086103,Beige,Islamabad,Imported,1000 cc,Hatchback
12108917,Black,Islamabad,Imported,1000 cc,Hatchback
12108856,Maroon,Lahore,Local,1300 cc,Sedan
12107468,Burgundy,Islamabad,Imported,1000 cc,Hatchback
12108709,White,Punjab,Local,1000 cc,Hatchback
12061236,White,Islamabad,Local,1300 cc,Sedan
12108645,Beige,Un-Registered,Local,1000 cc,Hatchback
12108592,White,Islamabad,Local,1000 cc,Hatchback
11923307,White,Islamabad,Local,1300 cc,Hatchback
11959593,White,Islamabad,Imported,1300 cc,SUV
12107271,White,Islamabad,Local,1300 cc,Hatchback
12047986,White,Islamabad,Local,1000 cc,Hatchback
12108477,Silver,Abbottabad,Local,1300 cc,Hatchback
12108352,White,Islamabad,Imported,1000 cc,Hatchback
12108350,White,Islamabad,Local,1300 cc,Hatchback
12106908,Black,Punjab,Imported,1000 cc,Hatchback
12108213,Purple,Punjab,Imported,1000 cc,Hatchback
12108258,White,Islamabad,Local,1000 cc,Hatchback
12107273,Beige,Islamabad,Local,1000 cc,Hatchback
11881819,White,Islamabad,Local,1000 cc,Hatchback
12093704,White,Islamabad,Local,1300 cc,Hatchback
12022547,Silver,Islamabad,Imported,1000 cc,Hatchback
12107707,White,Islamabad,Local,1000 cc,Hatchback
12107625,Silver,Islamabad,Imported,1000 cc,Hatchback
12107753,Beige,Islamabad,Imported,1000 cc,Hatchback
12107624,Red,Punjab,Imported,1000 cc,Hatchback
12107610,White,Lahore,Local,1000 cc,Hatchback
12107604,Silver,Punjab,Imported,1300 cc,Hatchback
12107453,White,Islamabad,Local,1000 cc,Hatchback
12107452,Beige,Islamabad,Imported,1000 cc,Hatchback
12107391,Silver,Islamabad,Imported,1000 cc,N/A
12107157,Silver,Punjab,Imported,1000 cc,Hatchback
12107144,Grey,Islamabad,Imported,1000 cc,Hatchback
12107104,Burgundy,Islamabad,Local,1300 cc,Hatchback
12106971,green silver,Islamabad,Imported,1000 cc,Hatchback
12106899,Golden,Islamabad,Local,1000 cc,Hatchback
12105907,White,Punjab,Local,1000 cc,Hatchback
12021567,Pink,Punjab,Imported,1000 cc,Hatchback
12044553,White,Islamabad,Local,1300 cc,Hatchback
12110867,Blue,Islamabad,Imported,660 cc,Hatchback
12110650,Turquoise,Lahore,Imported,660 cc,N/A
12110609,White,Islamabad,Imported,660 cc,Hatchback
12110151,Black,Islamabad,Imported,660 cc,Hatchback
12109974,White,Islamabad,Local,660 cc,Hatchback
12110725,sky blue,Islamabad,Imported,660 cc,N/A
12109800,White,Islamabad,Local,660 cc,Hatchback
12110191,Unlisted,Sindh,Imported,660 cc,Hatchback
12110621,White,Islamabad,Imported,660 cc,Hatchback
12110620,White,Islamabad,Imported,660 cc,Hatchback
12110458,Beige,Islamabad,Imported,660 cc,Hatchback
12110397,Blue,Karachi,Imported,660 cc,SUV
12110394,Grey,Islamabad,Imported,660 cc,N/A
12110213,White,Islamabad,Imported,660 cc,N/A
12110159,White,Islamabad,Local,660 cc,Hatchback
12110123,Silver,Islamabad,Imported,660 cc,Hatchback
12109795,Attitude Black,Islamabad,Imported,660 cc,Hatchback
12109762,White,Islamabad,Imported,660 cc,Hatchback
12110058,White,Islamabad,Local,660 cc,Hatchback
12109722,Silky Silver Metallic,Punjab,Imported,660 cc,Hatchback
12109914,Brown,Abbottabad,Local,660 cc,N/A
12109798,White,Islamabad,Local,660 cc,Hatchback
12109754,White,Punjab,Local,660 cc,Hatchback
12109747,White,Islamabad,Local,660 cc,Hatchback
12109716,Silver,Islamabad,Imported,660 cc,N/A
12109702,White,Rawalpindi,Local,660 cc,Hatchback
12109681,Blue,Lahore,Imported,660 cc,Hatchback
12109516,Silky Silver Metallic,Rawalpindi,Imported,660 cc,Hatchback
12109506,Black,Punjab,Imported,660 cc,Hatchback
12109417,White,Punjab,Imported,660 cc,Hatchback
12109366,Silver,Punjab,Local,660 cc,Hatchback
12109328,White,Islamabad,Local,660 cc,Hatchback
12109269,White,Islamabad,Imported,660 cc,Hatchback
11983402,Blue,Punjab,Local,660 cc,Hatchback
12110372,Magenta,Islamabad,Imported,660 cc,N/A
12110302,Silver,Islamabad,Imported,660 cc,SUV
12110061,White,Islamabad,Imported,660 cc,Hatchback
12109508,Red,Islamabad,Imported,660 cc,N/A
11728421,White,Punjab,Imported,660 cc,N/A
12110836,White,Islamabad,Imported,1000 cc,Hatchback
12110800,White,Islamabad,Local,1300 cc,Hatchback
12024807,Blue,Rawalpindi,Imported,1000 cc,Hatchback
12110701,Beige,Islamabad,Imported,1300 cc,Hatchback
12110848,White,Islamabad,Local,660 cc,Hatchback
12110412,Burgundy,Islamabad,Imported,1000 cc,Hatchback
12110891,Silver,Islamabad,Imported,1000 cc,Hatchback
12110811,Beige,Islamabad,Local,1000 cc,Hatchback
12110730,White,Islamabad,Local,1000 cc,Hatchback
12110496,Grey,Islamabad,Local,1000 cc,Hatchback
12110564,Grey,Islamabad,Local,1300 cc,Hatchback
12110250,Navy,Islamabad,Imported,1000 cc,Hatchback
12110268,White,Islamabad,Imported,1300 cc,Hatchback
12072591,Black,Islamabad,Imported,1000 cc,Hatchback
12110343,Black,Un-Registered,Imported,1000 cc,Hatchback
12110289,White,Karachi,Local,1300 cc,Hatchback
12107059,White,Lahore,Imported,1000 cc,Sedan
11778997,White,Islamabad,Local,1000 cc,Hatchback
12055611,White,Islamabad,Local,1300 cc,Hatchback
12109612,Grey,Lahore,Local,1300 cc,Hatchback
12110111,Silver,Karachi,Local,1000 cc,Hatchback
12109486,Maroon,Sindh,Imported,1000 cc,Hatchback
12109801,Silky Silver,Islamabad,Local,1000 cc,Hatchback
12109865,White,Islamabad,Local,1000 cc,Hatchback
12033536,Silver,Islamabad,Local,1300 cc,Hatchback
12075289,Beige,Punjab,Local,1300 cc,Sedan
12033830,Maroon,Islamabad,Local,1300 cc,Hatchback
12109528,White,Islamabad,Local,1000 cc,Hatchback
12109487,Maroon,Punjab,Local,1300 cc,Hatchback
12109219,Silver,Islamabad,Local,1300 cc,N/A
12109184,Grey,Islamabad,Imported,1300 cc,Sedan
12109148,Grey,Islamabad,Local,1000 cc,Hatchback
12108945,White,Punjab,Local,1000 cc,Hatchback
12104076,Silver,Islamabad,Local,1000 cc,Hatchback
